nome,email,empresa,segmento,porte
"MARCELA DE BRITO PRESCENDO LTDA","meucnpj@contabilizei.com.br","MARCELA DE BRITO PRESCENDO LTDA","Clinica","EPP"
"NCB DERMATOLOGIA LTDA","sferacontabilsorocaba@gmail.com","NCB DERMATOLOGIA LTDA","Clinica","ME/MEI"
"66.639.200 ANDREA FLOR DA SILVA","abertura@maismei.com.br","66.639.200 ANDREA FLOR DA SILVA","Restaurante","ME/MEI"
"66.642.777 VIVIANE CONCEICAO ADOLFO","andrezaadolfo2@gmail.com","66.642.777 VIVIANE CONCEICAO ADOLFO","Restaurante","ME/MEI"
"66.643.094 LUIS GUILHERME ALVES","luisguilhermealves184@gmail.com","66.643.094 LUIS GUILHERME ALVES","Restaurante","ME/MEI"
"LANCHONETE E RESTAURANTE CONFIANCA LTDA","nildete.figueiredo.santos@gmail.com","LANCHONETE E RESTAURANTE CONFIANCA LTDA","Restaurante","ME/MEI"
"66.647.932 GUILHERME ROCHA CARDOSO DA SILVA","guilherrmerocha@icloud.com","66.647.932 GUILHERME ROCHA CARDOSO DA SILVA","Restaurante","ME/MEI"
"66.649.298 RAFAEL MARQUES PEIXOTO","abertura@maismei.com.br","66.649.298 RAFAEL MARQUES PEIXOTO","Restaurante","ME/MEI"
"DONA BEIJA BAR E RESTAURANTE LTDA","jmr@jmrcontabil.com.br","DONA BEIJA BAR E RESTAURANTE LTDA","Restaurante","EPP"
"BELLA PIZZARIA DA PRACA LTDA","lmv999@gmail.com","BELLA PIZZARIA DA PRACA LTDA","Restaurante","ME/MEI"
"66.653.385 MARITA CARRENO MORRA VACCA","mcarrenomorra@gmail.com","66.653.385 MARITA CARRENO MORRA VACCA","Restaurante","ME/MEI"
"66.655.091 SIDNEY MAIKON SILVA","maikon2626@icloud.com","66.655.091 SIDNEY MAIKON SILVA","Restaurante","ME/MEI"
"CLINICA DR MACEDO LTDA","gomesbertolazzo2@gmail.com","CLINICA DR MACEDO LTDA","Clinica","ME/MEI"
"CLINICA COSMETIC PLASTIC SURGERY LTDA","administrativo@consultoriavisao.com.br","CLINICA COSMETIC PLASTIC SURGERY LTDA","Clinica","ME/MEI"
"66.660.632 LEANDRO ANTONIO PEREIRA","leandroantpe@icloud.com","66.660.632 LEANDRO ANTONIO PEREIRA","Restaurante","ME/MEI"
"66.667.713 DAVI TOME DA SILVA CARDOSO","davitome09@gmail.com","66.667.713 DAVI TOME DA SILVA CARDOSO","Restaurante","ME/MEI"
"ALAN S. MOREIRA SERVICOS MEDICOS LTDA","meucnpj@contabilizei.com.br","ALAN S. MOREIRA SERVICOS MEDICOS LTDA","Clinica","ME/MEI"
"ALCANTARA GRILL EVENTOS E DELIVERY SLU LTDA","nova.vitoria@gmail.com","ALCANTARA GRILL EVENTOS E DELIVERY SLU LTDA","Restaurante","ME/MEI"
"TERRACO VILMA BAR E ROOFTOP LTDA","contato@lscontabilidade.adm.br","TERRACO VILMA BAR E ROOFTOP LTDA","Restaurante","EPP"
"INTEGRA PIZZARIA LTDA","integrapizzaria@gmail.com","INTEGRA PIZZARIA LTDA","Restaurante","ME/MEI"
"66.686.457 MARIA JUCELIA FRASINO DOS SANTOS","lojanovamarcos@gmail.com","66.686.457 MARIA JUCELIA FRASINO DOS SANTOS","Restaurante","ME/MEI"
"L' ABBATE COMERCIAL LTDA","eduardo.sikler@contabilconsult.com.br","L' ABBATE COMERCIAL LTDA","Restaurante","ME/MEI"
"LANCHONETE NUFER LTDA","reparticao@luzitanacontabilidade.com.br","LANCHONETE NUFER LTDA","Restaurante","ME/MEI"
"ASSISTENCIA MEDICA OLENKA CLINICA S/S LTDA","start@startcont.com.br","ASSISTENCIA MEDICA OLENKA CLINICA S/S LTDA","Clinica","ME/MEI"
"BAR E LANCHES JUCAPORTO LTDA","jmr@jmrcontabil.com.br","BAR E LANCHES JUCAPORTO LTDA","Restaurante","ME/MEI"
"CLINICA FACTUM SERVICOS MEDICOS LTDA","atendimento@clinicafactum.com.br","CLINICA FACTUM SERVICOS MEDICOS LTDA","Clinica","EPP"
"PRO FRATURAS CLINICA E EMERGENCIA EM ORTOPEDIA LTDA","clodoaldomarx@yahoo.com.br","PRO FRATURAS CLINICA E EMERGENCIA EM ORTOPEDIA LTDA","Clinica","ME/MEI"
"BAR E LANCHES THA & PRIS LTDA","brazcontabil@brazcontabil.com.br","BAR E LANCHES THA & PRIS LTDA","Restaurante","ME/MEI"
"BIONEFRO SERVICOS MEDICOS LTDA","legalizacao@mastercontabilsp.com.br","BIONEFRO SERVICOS MEDICOS LTDA","Clinica","EPP"
"SAVIO WORK CONSULTORIA EM SAUDE OCUPACIONAL LTDA","saviowork@saviowork.com.br","SAVIO WORK CONSULTORIA EM SAUDE OCUPACIONAL LTDA","Clinica","EPP"
"GASTRO IMAGEM MEDICOS ASSOCIADOS SOCIEDADE SIMPLES LTDA","manducont@manducont.com.br","GASTRO IMAGEM MEDICOS ASSOCIADOS SOCIEDADE SIMPLES LTDA","Clinica","EPP"
"DR. ARNALDO JOSE GODOY & CIA. LTDA","merc@mercempresarial.com.br","DR. ARNALDO JOSE GODOY & CIA. LTDA","Clinica","ME/MEI"
"MISTER PANE COMERCIAL LTDA","avir@avir.com.br","MISTER PANE COMERCIAL LTDA","Restaurante","ME/MEI"
"BAUMGRATZ PAES SERVICOS MEDICOS S/S","suticpaes@hotmail.com","BAUMGRATZ PAES SERVICOS MEDICOS S/S","Clinica","EPP"
"RC PEREIRA PASTEIS","rcpereira59@gmail.com","RC PEREIRA PASTEIS","Restaurante","ME/MEI"
"ENDOCLIN CLINICA DE ENDOSCOPIA S/S LTDA","roberto.silva@contabilcm.com.br","ENDOCLIN CLINICA DE ENDOSCOPIA S/S LTDA","Clinica","EPP"
"D'RONCADA CLINICA E CIRURGIA S/S LTDA","apoio@contabilesfinge.com.br","D'RONCADA CLINICA E CIRURGIA S/S LTDA","Clinica","ME/MEI"
"MATRIZ DA PALETA COMERCIO DE GELADOS COMESTIVEIS LTDA","luisfernando@matrizacai.com.br","MATRIZ DA PALETA COMERCIO DE GELADOS COMESTIVEIS LTDA","Restaurante","ME/MEI"
"SDC - SERVICOS MEDICOS S/S LTDA.","ens.campo@gmail.com","SDC - SERVICOS MEDICOS S/S LTDA.","Clinica","ME/MEI"
"TOTALBAR","contabil.pc.paulo@gmail.com","TOTALBAR","Restaurante","ME/MEI"
"AG KUDO COMERCIAL LTDA","gikudo@hotmail.com","AG KUDO COMERCIAL LTDA","Restaurante","ME/MEI"
"CAFE HARMONIA COMERCIO DE ALIMENTOS LTDA","crislinocarvalho@gmail.com","CAFE HARMONIA COMERCIO DE ALIMENTOS LTDA","Restaurante","EPP"
"ABL - ASSISTENCIA MEDICA","contabilramos@uol.com.br","ABL - ASSISTENCIA MEDICA","Clinica","EPP"
"MJLS LANCHES LTDA","safranauskas@uol.com.br","MJLS LANCHES LTDA","Restaurante","ME/MEI"
"SILVA & SILVA LANCHONETE LTDA","consultcont96@uol.com.br","SILVA & SILVA LANCHONETE LTDA","Restaurante","ME/MEI"
"SKOOM LANCHONETE E FAST FOOD LTDA","sigmactb@terra.com.br","SKOOM LANCHONETE E FAST FOOD LTDA","Restaurante","EPP"
"LANCHES ACARAUENSE LTDA","pamplonalanches1633@gmail.com","LANCHES ACARAUENSE LTDA","Restaurante","ME/MEI"
"LANCHES REGENCIA DA SAO JOAO LTDA","exato.contabeis@uol.com.br","LANCHES REGENCIA DA SAO JOAO LTDA","Restaurante","ME/MEI"
"LEVE PIZZA PIZZARIA LTDA","roncattomar@gmail.com","LEVE PIZZA PIZZARIA LTDA","Restaurante","ME/MEI"
"GRG ALIMENTOS LTDA","lazzarella@uol.com.br","GRG ALIMENTOS LTDA","Restaurante","ME/MEI"
"EDC GRILL E ALIMENTOS LTDA","contato@contabilsantos.com","EDC GRILL E ALIMENTOS LTDA","Restaurante","ME/MEI"
"ANTONIO OLIVEIRA DA SILVA PIZZARIA","email@email.com.br","ANTONIO OLIVEIRA DA SILVA PIZZARIA","Restaurante","ME/MEI"
"LANCHONETE NOVA COTOVIA LTDA","jmr@jmrcontabil.com.br","LANCHONETE NOVA COTOVIA LTDA","Restaurante","ME/MEI"
"CEDOT HCOR CLINICA DE PNEUMOLOGIA S/S LTDA","cedothcor@gmail.com","CEDOT HCOR CLINICA DE PNEUMOLOGIA S/S LTDA","Clinica","ME/MEI"
"CLINICA RAMOS DERMATOLOGIA & ESTETICA LTDA S/S","adm_clinicamed@yahoo.com.br","CLINICA RAMOS DERMATOLOGIA & ESTETICA LTDA S/S","Clinica","ME/MEI"
"LALOTAR COMERCIO DE ALIMENTOS LTDA","financeiro@scaleyou.com.br","LALOTAR COMERCIO DE ALIMENTOS LTDA","Restaurante","ME/MEI"
"LUFARIA PIZZARIA LTDA","liduaires@hotmail.com","LUFARIA PIZZARIA LTDA","Restaurante","ME/MEI"
"VIA TORINO RESTUARANTE LTDA","claudiacironi@hotmail.com","VIA TORINO RESTUARANTE LTDA","Restaurante","ME/MEI"
"CLINICA DR. KUMA LTDA","kumajks@gmail.com","CLINICA DR. KUMA LTDA","Clinica","EPP"
"CLINICA TUCUMAN LTDA","josemodoline@terra.com.br","CLINICA TUCUMAN LTDA","Clinica","ME/MEI"
"UGE ULTRA-SONOGRAFIA E GINECOLOGIA ESPECIALIZADA","victor.bunduki@hc.fm.usp.br","UGE ULTRA-SONOGRAFIA E GINECOLOGIA ESPECIALIZADA","Clinica","EPP"
"MATRE PROLE SAUDE LTDA","secretaria.mpsaude@gmail.com","MATRE PROLE SAUDE LTDA","Clinica","ME/MEI"
"LANCHONETE FREITAS & MARCOLAN LTDA","itrostolf@hotmail.com","LANCHONETE FREITAS & MARCOLAN LTDA","Restaurante","ME/MEI"
"RENATO LOURENCO COSTA","jmc.contabil@uol.com.br","RENATO LOURENCO COSTA","Restaurante","ME/MEI"
"CLINICA DERMATOLOGICA ALESSANDRA SIMOES LTDA","argos190972@gmail.com","CLINICA DERMATOLOGICA ALESSANDRA SIMOES LTDA","Clinica","ME/MEI"
"ENGEPLAN ALIMENTOS E REPRESENTACOES LTDA.","manofar@terra.com.br","ENGEPLAN ALIMENTOS E REPRESENTACOES LTDA.","Restaurante","EPP"
"RODRIGUES E CERVANTES SERVICOS MEDICOS S/S","aguilar@doutoraguilar.com.br","RODRIGUES E CERVANTES SERVICOS MEDICOS S/S","Clinica","EPP"
"RESTAURANTE TERRACO PAULISTANO LTDA","achilles@terracopaulistano.com.br","RESTAURANTE TERRACO PAULISTANO LTDA","Restaurante","EPP"
"MENDES COSTA SERVICOS MEDICOS LTDA","exitusinf@uol.com.br","MENDES COSTA SERVICOS MEDICOS LTDA","Clinica","ME/MEI"
"CENTRO DE REESTRUTURACAO HARMONIA S/S LTDA","mlinabaldassari@gmail.com","CENTRO DE REESTRUTURACAO HARMONIA S/S LTDA","Clinica","ME/MEI"
"LANCHONETE DRAGAO DO BELEM LTDA","fs.campos@uol.com.br","LANCHONETE DRAGAO DO BELEM LTDA","Restaurante","ME/MEI"
"LADOSOL COMERCIO E SERVICOS DE EVENTOS LTDA","nelson@pontualsp.com.br","LADOSOL COMERCIO E SERVICOS DE EVENTOS LTDA","Restaurante","ME/MEI"
"VILLA DI ROMA ALIMENTOS LTDA","solmar@solmarcontabil.com.br","VILLA DI ROMA ALIMENTOS LTDA","Restaurante","ME/MEI"
"NEURO ASSISTENCIA MEDICA LTDA","rosemarydamiani@hotmail.com","NEURO ASSISTENCIA MEDICA LTDA","Clinica","ME/MEI"
"CLINICA DE OTORRINOLARINGOLOGIA DRA. MARCIA ALE LTDA","dulci@uol.com.br","CLINICA DE OTORRINOLARINGOLOGIA DRA. MARCIA ALE LTDA","Clinica","ME/MEI"
"BUTCH GRILL COMERCIO DE ALIMENTOS LTDA","amauri@onj.com.br","BUTCH GRILL COMERCIO DE ALIMENTOS LTDA","Restaurante","ME/MEI"
"J. R. SANTOS SERVICOS MEDICOS LTDA","rother@rothercontabil.com.br","J. R. SANTOS SERVICOS MEDICOS LTDA","Clinica","EPP"
"DORTA & TEIXEIRA ASSISTENCIA MEDICA ESPECIALIZADA S/S","idorta@ig.com.br","DORTA & TEIXEIRA ASSISTENCIA MEDICA ESPECIALIZADA S/S","Clinica","ME/MEI"
"MAURICIO TOLEDO DE ABREU CARDIOLOGIA LTDA","abreu.cardiologia@hotmail.com","MAURICIO TOLEDO DE ABREU CARDIOLOGIA LTDA","Clinica","EPP"
"ATHEROS SERVICOS MEDICOS ASSOCIADOS LTDA","cardiologiaatheros@outlook.com","ATHEROS SERVICOS MEDICOS ASSOCIADOS LTDA","Clinica","EPP"
"CLINICA GINECOLOGICA DRA. MARIA TERESA TAMAI LTDA","contato@acvillela.com.br","CLINICA GINECOLOGICA DRA. MARIA TERESA TAMAI LTDA","Clinica","ME/MEI"
"GERALDO GRANATA S/S LTDA","gncontabil@globo.com","GERALDO GRANATA S/S LTDA","Clinica","EPP"
"M&M ASSISTENCIA EM GINECOLOGIA OBSTETRICIA E ENDOSCOPIA GINECOLOGICA SOCIEDADE SIMPLES","memago.gineco@gmail.com","M&M ASSISTENCIA EM GINECOLOGIA OBSTETRICIA E ENDOSCOPIA GINECOLOGICA SOCIEDADE SIMPLES","Clinica","ME/MEI"
"AIKO ASSISTENCIA MEDICA S/S LTDA","feliciamanabe@uol.com.br","AIKO ASSISTENCIA MEDICA S/S LTDA","Clinica","ME/MEI"
"ALERGO OFTALMO LTDA","profiscon@uol.com.br","ALERGO OFTALMO LTDA","Clinica","EPP"
"CLINICA MEDICA MANDIA S/S","tatimandia@hotmail.com","CLINICA MEDICA MANDIA S/S","Clinica","ME/MEI"
"JOSE ROBERTO MIELE CONSULTORIO MEDICO S/C LTDA","cezar@contabillopes.com.br","JOSE ROBERTO MIELE CONSULTORIO MEDICO S/C LTDA","Clinica","ME/MEI"
"G L M RIBEIRO JORGE LTDA","andrigar@uol.com.br","G L M RIBEIRO JORGE LTDA","Restaurante","ME/MEI"
"ASSISTENCIA MEDICA MONTE REY LTDA","barianicont@terra.com.br","ASSISTENCIA MEDICA MONTE REY LTDA","Clinica","ME/MEI"
"JARAMILLO SERVICOS MEDICOS S/S","ijaramillo1211@gmail.com","JARAMILLO SERVICOS MEDICOS S/S","Clinica","EPP"
"CLINICA IKEDA GINECOLOGIA E OBSTETRICIA S/S LTDA","legalcare@legalcare.com.br","CLINICA IKEDA GINECOLOGIA E OBSTETRICIA S/S LTDA","Clinica","ME/MEI"
"R.C.T. REUMATOLOGIA E UROLOGIA S S","vanessa@aboimcontabilidade.com.br","R.C.T. REUMATOLOGIA E UROLOGIA S S","Clinica","ME/MEI"
"LANCHONETE JSJ LTDA","waldeco_2009@hotmail.com","LANCHONETE JSJ LTDA","Restaurante","ME/MEI"
"JOSE XAVIER DE ARAUJO - LANCHES","carloscca@uol.com.br","JOSE XAVIER DE ARAUJO - LANCHES","Restaurante","EPP"
"TIDE RESTAURANTE E LANCHONETE LTDA","tiderestaurante@globo.com","TIDE RESTAURANTE E LANCHONETE LTDA","Restaurante","ME/MEI"
"JURA S BAR E RESTAURANTE LTDA","jurasbarqueiroz@gmail.com","JURA S BAR E RESTAURANTE LTDA","Restaurante","ME/MEI"
"MARIAS RESTAURANTE LTDA","paralegalsp@oscpaulistana.com.br","MARIAS RESTAURANTE LTDA","Restaurante","EPP"
"BAR E LANCHONETE JERICO LTDA","bartribunal@uol.com.br","BAR E LANCHONETE JERICO LTDA","Restaurante","EPP"
"PIZZARIA E ESFIHARIA FARAOS LTDA","amrassessoriacontabil@hotmail.com","PIZZARIA E ESFIHARIA FARAOS LTDA","Restaurante","ME/MEI"
"INSTITUTO DE OLHOS EDUARDO M. KUMORI LTDA","iokumori@terra.com.br","INSTITUTO DE OLHOS EDUARDO M. KUMORI LTDA","Clinica","ME/MEI"
"N.Y. DERMARADIUM S/S","nydermaradium@hotmail.com","N.Y. DERMARADIUM S/S","Clinica","EPP"
"LANCHONETE E RESTAURANTE CHIADO LTDA","chiado2005@yahoo.com.br","LANCHONETE E RESTAURANTE CHIADO LTDA","Restaurante","ME/MEI"
"INSTITUTO DE OLHOS LESTE LTDA","iolleste@uol.com.br","INSTITUTO DE OLHOS LESTE LTDA","Clinica","EPP"
"LANCHONETE COISA NOSTRA LTDA","coisa.nostra@terra.com.br","LANCHONETE COISA NOSTRA LTDA","Restaurante","ME/MEI"
"C.A.D CENTRO DE ATENDIMENTO DIGESTIVO LTDA","junior@aclcontabilidade.com.br","C.A.D CENTRO DE ATENDIMENTO DIGESTIVO LTDA","Clinica","EPP"
"BLUMENAU SERVICOS MEDICOS LTDA","clinicablumenau@hotmail.com","BLUMENAU SERVICOS MEDICOS LTDA","Clinica","ME/MEI"
"JJ JABER LANCHONETE LTDA","jaberitaim@terra.com.br","JJ JABER LANCHONETE LTDA","Restaurante","ME/MEI"
"BAR E RESTAURANTE SANTOS NOBREGA LTDA","conciltek@terra.com.br","BAR E RESTAURANTE SANTOS NOBREGA LTDA","Restaurante","ME/MEI"
"ATEPE - ATENDIMENTO PEDIATRICO LTDA","margaretesandoval@gmail.com","ATEPE - ATENDIMENTO PEDIATRICO LTDA","Clinica","EPP"
"PINHEIROS ESPECIALIDADES MEDICAS LTDA","ostemero@sartrecontabil.com.br","PINHEIROS ESPECIALIDADES MEDICAS LTDA","Clinica","ME/MEI"
"CLINICA ENDOCRINOLOGICA DR LUIZ C. M. AGUADE LTDA","luizaguade@gmail.com.br","CLINICA ENDOCRINOLOGICA DR LUIZ C. M. AGUADE LTDA","Clinica","ME/MEI"
"CARDIOCLIN CARDIOLOGIA SOCIEDADE SIMPLES","ids@idscontabil.com.br","CARDIOCLIN CARDIOLOGIA SOCIEDADE SIMPLES","Clinica","EPP"
"R. B. DERMATOLOGIA S/S","rosana.boraso@uol.com.br","R. B. DERMATOLOGIA S/S","Clinica","ME/MEI"
"HOSPCONSULTING SERVICOS MEDICOS LTDA","oestrella@uol.com.br","HOSPCONSULTING SERVICOS MEDICOS LTDA","Clinica","ME/MEI"
"VARANDAS CHURRASCARIA E PIZZARIA LTDA","varandas@gmail.com","VARANDAS CHURRASCARIA E PIZZARIA LTDA","Restaurante","ME/MEI"
"PULMICORDIS - MEDICOS ASSOCIADOS SOCIEDADE SIMPLES LTDA","heloisahelena.moreira@gmail.com","PULMICORDIS - MEDICOS ASSOCIADOS SOCIEDADE SIMPLES LTDA","Clinica","EPP"
"CARE CLINICA MEDICA LTDA","soniaregina_dias@yahoo.com.br","CARE CLINICA MEDICA LTDA","Clinica","EPP"
"LANCHONETE E RESTAURANTE JATOBA LTDA","adriana.rozendo@superig.com.br","LANCHONETE E RESTAURANTE JATOBA LTDA","Restaurante","ME/MEI"
"BIG CARDEAL LANCHES LTDA","manoel_big1@hotmail.com","BIG CARDEAL LANCHES LTDA","Restaurante","ME/MEI"
"SERGIO MIRANDA & ASSOCIADOS, CIRURGIA DA FACE LTDA","cirurgiadaface@terra.com.br","SERGIO MIRANDA & ASSOCIADOS, CIRURGIA DA FACE LTDA","Clinica","EPP"
"A2 BAR E LANCHES LTDA","financeiro@tomjazz.com.br","A2 BAR E LANCHES LTDA","Restaurante","EPP"
"CLINICA DRA VANIA MARIA BORGES WAKAVAIACHI LTDA","medcare.consultorio@gmail.com","CLINICA DRA VANIA MARIA BORGES WAKAVAIACHI LTDA","Clinica","ME/MEI"
"UNIDADE PEDIATRICA S/S","fiscogreen@fiscogreen.com.br","UNIDADE PEDIATRICA S/S","Clinica","ME/MEI"
"F.P.H.F. CIRURGIA PLASTICA LTDA","angelistadeu@gmail.com","F.P.H.F. CIRURGIA PLASTICA LTDA","Clinica","ME/MEI"
"BONA QUALITA PIZZARIA LTDA","manopizza81@gmail.com","BONA QUALITA PIZZARIA LTDA","Restaurante","ME/MEI"
"RESTAURANTE RAGONEZI LTDA","ragonezi.rest@gmail.com","RESTAURANTE RAGONEZI LTDA","Restaurante","ME/MEI"
"CARLOS VAZ DE JESUS PIZZARIA","megafiscontabil@uol.com.br","CARLOS VAZ DE JESUS PIZZARIA","Restaurante","ME/MEI"
"DIAGCORP - SERVICOS MEDICOS S/S LTDA.","diagcorp.imagem@gmail.com","DIAGCORP - SERVICOS MEDICOS S/S LTDA.","Clinica","ME/MEI"
"GERSON SCHILIVE","ipe_contabilidade@yahoo.com.br","GERSON SCHILIVE","Restaurante","ME/MEI"
"RAFAEL RIYUJI GOYA TAKARA","riyud3@hotmail.com","RAFAEL RIYUJI GOYA TAKARA","Restaurante","ME/MEI"
"CLINICA ARCOVERDE PSIQUIATRIA E PSICANALISE LTDA","arcoverde@zloti.com.br","CLINICA ARCOVERDE PSIQUIATRIA E PSICANALISE LTDA","Clinica","EPP"
"TUCHAS BAR LTDA","carolineadelira@gmail.com","TUCHAS BAR LTDA","Restaurante","ME/MEI"
"AURELINO MARTINS DE SANTANA","contabilfgarcia@terra.com.br","AURELINO MARTINS DE SANTANA","Restaurante","ME/MEI"
"CLINICA DERMATOLOGICA DRA. DILCILEA FRANCO S/S","dilcifranco@uol.com.br","CLINICA DERMATOLOGICA DRA. DILCILEA FRANCO S/S","Clinica","ME/MEI"
"MAPA SERVICOS MEDICOS LTDA","nicola@nicolasolucoes.com.br","MAPA SERVICOS MEDICOS LTDA","Clinica","ME/MEI"
"MNS RESTAURANTE LTDA","mario.polones@hotmail.com","MNS RESTAURANTE LTDA","Restaurante","ME/MEI"
"ALZINETE MENDES BARBOSA-LANCHONETE","contato@vinculoempresarial.com.br","ALZINETE MENDES BARBOSA-LANCHONETE","Restaurante","ME/MEI"
"DOCE E FESTA COMERCIO DE ALIMENTOS LTDA","marcos@doceirainnocencio.com.br","DOCE E FESTA COMERCIO DE ALIMENTOS LTDA","Restaurante","ME/MEI"
"MACIAN &  CIA LTDA","paralegal@taxflow.com.br","MACIAN &  CIA LTDA","Restaurante","ME/MEI"
"DR. JORGE A. KALIL MEDICINA ESPECIALIZADA S/S LTDA","consultoriojk@hotmail.com","DR. JORGE A. KALIL MEDICINA ESPECIALIZADA S/S LTDA","Clinica","ME/MEI"
"CAMHOS  SERVICOS MEDICOS S/S","pedroonofrio24943@gmail.com","CAMHOS  SERVICOS MEDICOS S/S","Clinica","ME/MEI"
"0 & N CLINICA MEDICA LTDA","mateusnogueira@msn.com","0 & N CLINICA MEDICA LTDA","Clinica","ME/MEI"
"MARCO FILIZOLA AZEVEDO","geraldo@gesplanoffice.com.br","MARCO FILIZOLA AZEVEDO","Restaurante","ME/MEI"
"BAR E LANCHES BURGUER MENEZES LTDA","fernando_daniell@hotmail.com","BAR E LANCHES BURGUER MENEZES LTDA","Restaurante","ME/MEI"
"COMERCIAL LA DOCE VITTA LTDA","carmengabriel_25@hotmail.com","COMERCIAL LA DOCE VITTA LTDA","Restaurante","ME/MEI"
"TRIMED - SERVICOS MEDICOS S/S LTDA","legalizacao@contabilexpressao.com.br","TRIMED - SERVICOS MEDICOS S/S LTDA","Clinica","ME/MEI"
"CLINICA PROLINE LTDA","drpablo@institutodrpablo.com.br","CLINICA PROLINE LTDA","Clinica","ME/MEI"
"NOVA LANCHONETE BOM JESUS DOIS LTDA","novalanchonetebomjesus2212@yahoo.com.br","NOVA LANCHONETE BOM JESUS DOIS LTDA","Restaurante","ME/MEI"
"ULTRACORDIS - MEDICOS ASSOCIADOS SOCIEDADE SIMPLES LTDA","manducont@ig.com.br","ULTRACORDIS - MEDICOS ASSOCIADOS SOCIEDADE SIMPLES LTDA","Clinica","ME/MEI"
"FERIAN E GIANNINI SERVICOS MEDICOS LTDA","ocamcontabilidade@terra.com.br","FERIAN E GIANNINI SERVICOS MEDICOS LTDA","Clinica","ME/MEI"
"BAR E LANCHES DANDARA LTDA","contabilrossi@contabilrossi.com.br","BAR E LANCHES DANDARA LTDA","Restaurante","ME/MEI"
"RESTAURANTE E MERCEARIA CASA VERDE LTDA","wellington@contida.com.br","RESTAURANTE E MERCEARIA CASA VERDE LTDA","Restaurante","ME/MEI"
"LEVY SERVICOS MEDICOS & CONSULTORIA LTDA","jayne-levy@hotmail.com","LEVY SERVICOS MEDICOS & CONSULTORIA LTDA","Clinica","ME/MEI"
"RKK SERVICOS MEDICOS S/S LTDA","arcondor@terra.com.br","RKK SERVICOS MEDICOS S/S LTDA","Clinica","EPP"
"VIDA, ACAO & SAUDE - ASSISTENCIA MEDICA LTDA","hs_almeida@yahoo.com.br","VIDA, ACAO & SAUDE - ASSISTENCIA MEDICA LTDA","Clinica","ME/MEI"
"LANCHONETE RAFHAELA LTDA","contabildp@sol.com.br","LANCHONETE RAFHAELA LTDA","Restaurante","ME/MEI"
"PRAIA DAS GAIVOTAS BAR E LANCHES LTDA","acfist@terra.com.br","PRAIA DAS GAIVOTAS BAR E LANCHES LTDA","Restaurante","ME/MEI"
"MADV SERVICOS MEDICOS LTDA","maxhealthconsultorio@gmail.com","MADV SERVICOS MEDICOS LTDA","Clinica","ME/MEI"
"SABOR GAUCHO GRILL LTDA","legal@waluse.com.br","SABOR GAUCHO GRILL LTDA","Restaurante","EPP"
"COMPANY COFFEE - CAFE LTDA","franscafecubatao@hotmail.com","COMPANY COFFEE - CAFE LTDA","Restaurante","EPP"
"CLINICA DE NEUROLOGIA E NEUROCIRURGIA PINHEIROS LTDA","robson@balencar.com.br","CLINICA DE NEUROLOGIA E NEUROCIRURGIA PINHEIROS LTDA","Clinica","EPP"
"PREST SERV - CLINICA MEDICA E PESQUISAS LTDA","contato@calvielloterranova.com.br","PREST SERV - CLINICA MEDICA E PESQUISAS LTDA","Clinica","ME/MEI"
"BEDMED SERVICOS MEDICOS LTDA","legalizacao@mastercontabilsp.com.br","BEDMED SERVICOS MEDICOS LTDA","Clinica","ME/MEI"
"CLINICA MEDICA COSTA LTDA","societariolegal@proesecont.com.br","CLINICA MEDICA COSTA LTDA","Clinica","EPP"
"CEMB-904 COMERCIO DE ALIMENTOS LTDA","cengecnt@terra.com.br","CEMB-904 COMERCIO DE ALIMENTOS LTDA","Restaurante","ME/MEI"
"LANCHONETE N. W. PONTO DE ENCONTRO LTDA","naticon@globo.com","LANCHONETE N. W. PONTO DE ENCONTRO LTDA","Restaurante","ME/MEI"
"E C MA TEIXEIRA - CAFE E LANCHES","elenice.c.medeiros@uol.com.br","E C MA TEIXEIRA - CAFE E LANCHES","Restaurante","ME/MEI"
"R CAMARGO ILHABELA LTDA","gerencia@marakuthai.com.br","R CAMARGO ILHABELA LTDA","Restaurante","ME/MEI"
"MHPPC RESTAURANTE LTDA","elzir.romaowil@gmail.com","MHPPC RESTAURANTE LTDA","Restaurante","ME/MEI"
"RJ PIZZARIA E ESFIHARIA LTDA","renato@vianaduarte.com.br","RJ PIZZARIA E ESFIHARIA LTDA","Restaurante","ME/MEI"
"DENTINHO'S BAR LTDA","oliveira.ortega@hotmail.com","DENTINHO'S BAR LTDA","Restaurante","ME/MEI"
"VICENTE DO NASCIMENTO NETO - LANCHONETE","senadorcontabil@senadorcontabil.com.br","VICENTE DO NASCIMENTO NETO - LANCHONETE","Restaurante","ME/MEI"
"BAR E LANCHES 4 CHIC LTDA","paralegal@safecont.com.br","BAR E LANCHES 4 CHIC LTDA","Restaurante","EPP"
"CLINICA DERMATOLOGICA MALBA BERTINO LIMITADA","universu@uol.com.br","CLINICA DERMATOLOGICA MALBA BERTINO LIMITADA","Clinica","EPP"
"HEMOCORDIS SERVICOS MEDICOS LTDA","paula@proconsist.com.br","HEMOCORDIS SERVICOS MEDICOS LTDA","Clinica","ME/MEI"
"XINGO BAR RESTAURANTE E MERCEARIA LTDA","neves.contabil@gmail.com","XINGO BAR RESTAURANTE E MERCEARIA LTDA","Restaurante","ME/MEI"
"MAGNO SILVA","verticecontabilidade@ig.com.br","MAGNO SILVA","Restaurante","ME/MEI"
"C. ALVES BARBOSA COMERCIO DE ALIMENTOS","riglias.contabilidade@gmail.com","C. ALVES BARBOSA COMERCIO DE ALIMENTOS","Restaurante","ME/MEI"
"ASA BRANCA PIZZARIA LTDA","contato@bcocontabil.com.br","ASA BRANCA PIZZARIA LTDA","Restaurante","ME/MEI"
"LUMA CLINICA MEDICA E MEDICINA DO TRABALHO S/S","roac@roac.com.br","LUMA CLINICA MEDICA E MEDICINA DO TRABALHO S/S","Clinica","ME/MEI"
"E R DOS SANTOS BAR E RESTAURANTE","leogordinha@globo.com","E R DOS SANTOS BAR E RESTAURANTE","Restaurante","ME/MEI"
"LANCHONETE FLOR DA JUVENTUDE LTDA","zontabittar.adm@gmail.com","LANCHONETE FLOR DA JUVENTUDE LTDA","Restaurante","EPP"
"MATUDA OUKI COMERCIAL LTDA","fiscal@contabilmodelar.com.br","MATUDA OUKI COMERCIAL LTDA","Restaurante","EPP"
"ANTONIO LOPES SERVICOS MEDICOS LTDA","newservice@newservice.com.br","ANTONIO LOPES SERVICOS MEDICOS LTDA","Clinica","ME/MEI"
"NEUROLAB - LABORATORIO DE NEUROFISIOLOGIA CLINICA LTDA","silvanemirandez@uol.com.br","NEUROLAB - LABORATORIO DE NEUROFISIOLOGIA CLINICA LTDA","Clinica","ME/MEI"
"VATTIMO MEDICOS ASSOCIADOS LTDA","societario@aspercontabilidade.com.br","VATTIMO MEDICOS ASSOCIADOS LTDA","Clinica","ME/MEI"
"PONCE E PROGLHOF SERVICOS MEDICOS LTDA","jproglhof@hotmail.com","PONCE E PROGLHOF SERVICOS MEDICOS LTDA","Clinica","EPP"
"GAIA SERVICOS MEDICOS LTDA","ndea@uol.com.br","GAIA SERVICOS MEDICOS LTDA","Clinica","ME/MEI"
"BIKINHO LANCHES E REFEICOES LTDA","jercontabil@yahoo.com.br","BIKINHO LANCHES E REFEICOES LTDA","Restaurante","ME/MEI"
"MORUMBI GRILL E LANCHES LTDA","rpublicas@sc9-consultoria.com.br","MORUMBI GRILL E LANCHES LTDA","Restaurante","EPP"
"PIZZARIA FABIA LTDA","acinetemaria@hotmail.com","PIZZARIA FABIA LTDA","Restaurante","ME/MEI"
"KATANA LANCHONETE LTDA","rubens@tunes.com.br","KATANA LANCHONETE LTDA","Restaurante","EPP"
"MONDELLO COMERCIAL LTDA","marcellovassallo@hotmail.com","MONDELLO COMERCIAL LTDA","Restaurante","ME/MEI"
"CENTRO ORTOPEDICO SANTA MARIA LTDA","cosm@cosm.com.br","CENTRO ORTOPEDICO SANTA MARIA LTDA","Clinica","EPP"
"BIOSOM - SERVICOS MEDICOS S/S LTDA","manducont@manducont.com.br","BIOSOM - SERVICOS MEDICOS S/S LTDA","Clinica","EPP"
"CLINICA DE DESENVOLVIMENTO ESPECIALIZADA LTDA.","clinicacde@uol.com.br","CLINICA DE DESENVOLVIMENTO ESPECIALIZADA LTDA.","Clinica","ME/MEI"
"RESTAURANTE TOMODATI LTDA","marines.const12@gmail.com","RESTAURANTE TOMODATI LTDA","Restaurante","ME/MEI"
"BETO COMERCIO DE PRODUTOS ALIMENTICIOS LTDA","beto@arabesco.com.br","BETO COMERCIO DE PRODUTOS ALIMENTICIOS LTDA","Restaurante","EPP"
"LA MANDUCA RESTAURANTE E PIZZARIA LTDA","restaurantelamanduca@yahoo.com.br","LA MANDUCA RESTAURANTE E PIZZARIA LTDA","Restaurante","ME/MEI"
"DMC RESTAURANTE COMERCIO DE ALIMENTOS LTDA","fiscal@saolucasassessoria.com.br","DMC RESTAURANTE COMERCIO DE ALIMENTOS LTDA","Restaurante","EPP"
"DOM BACELAR ALIMENTOS LTDA","delio.bautz@terra.com.br","DOM BACELAR ALIMENTOS LTDA","Restaurante","ME/MEI"
"ANDRE KHALIL KHOURI REFEICOES","andre277@uol.com.br","ANDRE KHALIL KHOURI REFEICOES","Restaurante","EPP"
"BEDCLIN SERVICOS MEDICOS E DIAGNOSE LTDA","legalizacao@mastercontabilsp.com.br","BEDCLIN SERVICOS MEDICOS E DIAGNOSE LTDA","Clinica","EPP"
"AMOARAS COMERCIO DE ALIMENTOS LTDA","revicont@revicont.com.br","AMOARAS COMERCIO DE ALIMENTOS LTDA","Restaurante","ME/MEI"
"RJAA RESTAURANTE E PIZZARIA LTDA","mayara.monreal@gmail.com","RJAA RESTAURANTE E PIZZARIA LTDA","Restaurante","ME/MEI"
"CLINICA HADDAD SERVICOS MEDICOS ESPECIALIZADOS LTDA.","dradaniellihaddad@gmail.com","CLINICA HADDAD SERVICOS MEDICOS ESPECIALIZADOS LTDA.","Clinica","ME/MEI"
"CENTRO PAULISTA DE NEUROCIRURGIA LTDA","cpnc@uol.com.br","CENTRO PAULISTA DE NEUROCIRURGIA LTDA","Clinica","ME/MEI"
"LANCHONETE DONALDU'S LTDA","edvangersonaraujo@gmail.com","LANCHONETE DONALDU'S LTDA","Restaurante","ME/MEI"
"EQUIPE CIRURGICA CARDIOVASCULAR POMERANTZEFF - BRANDAO LTDA","saodomingo@saodomingo.com.br","EQUIPE CIRURGICA CARDIOVASCULAR POMERANTZEFF - BRANDAO LTDA","Clinica","EPP"
"CLINICA DE OLHOS NOVA VISAO S/S LTDA","leonardo_d_mendonca@hotmail.com","CLINICA DE OLHOS NOVA VISAO S/S LTDA","Clinica","ME/MEI"
"RESTAURANTE SVANEN SCANDINAVIAN FOOD LTDA.","vera_restaurantes@hotmail.com","RESTAURANTE SVANEN SCANDINAVIAN FOOD LTDA.","Restaurante","ME/MEI"
"PLANETA CRIANCA BUFFET INFANTIL LTDA","legal@kemelcontabil.com.br","PLANETA CRIANCA BUFFET INFANTIL LTDA","Restaurante","ME/MEI"
"AFONSO CELSO PINTO NAZARIO GINECOLOGIA E MASTOLOGIA S/S LTDA","comercial2@grupoagl.com.br","AFONSO CELSO PINTO NAZARIO GINECOLOGIA E MASTOLOGIA S/S LTDA","Clinica","ME/MEI"
"MAGARA - ASSISTENCIA E AUDITORIA MEDICA LTDA","daniel@contabilidademedica.com","MAGARA - ASSISTENCIA E AUDITORIA MEDICA LTDA","Clinica","ME/MEI"
"LEGITIMO LANCHES E RESTAURANTE LTDA","fiscal@baggiocontabil.com.br","LEGITIMO LANCHES E RESTAURANTE LTDA","Restaurante","ME/MEI"
"STEFANELLI CIRURGIA PLASTICA LTDA","crstefa@hotmail.com","STEFANELLI CIRURGIA PLASTICA LTDA","Clinica","ME/MEI"
"DNF - CLINICA E PESQUISA LTDA.","dnfclinica@terra.com.br","DNF - CLINICA E PESQUISA LTDA.","Clinica","EPP"
"MAFEL ASSISTENCIA NEFROLOGICA SOCIEDADE SIMPLES","cristianelopes@bonomi.com.br","MAFEL ASSISTENCIA NEFROLOGICA SOCIEDADE SIMPLES","Clinica","EPP"
"CLINICA ZOPPI LTDA","contato@nardinicontabeis.com.br","CLINICA ZOPPI LTDA","Clinica","EPP"
"ARNALDO BUENO JUNIOR RESTAURANTE","rangelcontabil@gmail.com","ARNALDO BUENO JUNIOR RESTAURANTE","Restaurante","ME/MEI"
"PIZZABAR FRATELLI LTDA","azulcontabil.processos@hotmail.com","PIZZABAR FRATELLI LTDA","Restaurante","ME/MEI"
"COMERCIAL NATHAFS LTDA","douglas@minucioconsultoria.com.br","COMERCIAL NATHAFS LTDA","Restaurante","ME/MEI"
"ORTOFIT INSTITUTO DE ORTOPEDIA, FISIOTERAPIA E TRAUMATOLOGIA LTDA","ortofit@ortofit.com.br","ORTOFIT INSTITUTO DE ORTOPEDIA, FISIOTERAPIA E TRAUMATOLOGIA LTDA","Clinica","EPP"
"BAR E LANCHES RIACHO DE AREIA LTDA","contabfortaleza@uol.com.br","BAR E LANCHES RIACHO DE AREIA LTDA","Restaurante","ME/MEI"
"LANCHONETE CASEIRAO LTDA","glj.cont@terra.com.br","LANCHONETE CASEIRAO LTDA","Restaurante","ME/MEI"
"LANCHONETE IRMAOS CARLOS LIMITADA","nobre.contabil@terra.com.br","LANCHONETE IRMAOS CARLOS LIMITADA","Restaurante","ME/MEI"
"MARIA CIENE REGO DE SOUSA BAR","sousa-celso@terra.com","MARIA CIENE REGO DE SOUSA BAR","Restaurante","ME/MEI"
"LANCHONETE NOVA CANTAREIRA LTDA","rodrygues123@hotmail.com","LANCHONETE NOVA CANTAREIRA LTDA","Restaurante","ME/MEI"
"RUBENS FRANCISCO DA COSTA JUNIOR","cntcontabil@bol.com.br","RUBENS FRANCISCO DA COSTA JUNIOR","Restaurante","ME/MEI"
"CONSUMED - RIAD ARABI CONSULTORIO MEDICO LTDA","riad.consumed@globo.com","CONSUMED - RIAD ARABI CONSULTORIO MEDICO LTDA","Clinica","EPP"
"DNA OFTALMOLOGIA S/S","nlcontabil@terra.com.br","DNA OFTALMOLOGIA S/S","Clinica","EPP"
"SALGADOS FESTE LANCHES LTDA","marconi.cont@uol.com.br","SALGADOS FESTE LANCHES LTDA","Restaurante","ME/MEI"
"JV NEUROFISIOLOGIA E NEUROLOGIA SOCIEDADE SIMPLES PURA","carmenlj@uol.com.br","JV NEUROFISIOLOGIA E NEUROLOGIA SOCIEDADE SIMPLES PURA","Clinica","EPP"
"ATDP SAUDE - ASSISTENCIA MEDICA LTDA.","aldolad@hotmail.com","ATDP SAUDE - ASSISTENCIA MEDICA LTDA.","Clinica","EPP"
"JOSE FERNANDO OLIVEIRA LOPES & CIA LTDA","ocsp@ocsp.com.br","JOSE FERNANDO OLIVEIRA LOPES & CIA LTDA","Restaurante","ME/MEI"
"BAR E CAFE INDU LTDA","cayro@terra.com.br","BAR E CAFE INDU LTDA","Restaurante","ME/MEI"
"AGA RESTAURANTE E PIZZARIA LTDA","aga@aga.com.br","AGA RESTAURANTE E PIZZARIA LTDA","Restaurante","ME/MEI"
"LUIZ BRAGA DE SOUSA","laurindocontabil@terra.com.br","LUIZ BRAGA DE SOUSA","Restaurante","ME/MEI"
"CLINICA PEDIATRICA COJI KIMATI S/C LTDA","mantrhax@hotmail.com","CLINICA PEDIATRICA COJI KIMATI S/C LTDA","Clinica","ME/MEI"
"BAR E LANCHES 31 LTDA","elianeaparecidadiassantos@gmail.com","BAR E LANCHES 31 LTDA","Restaurante","ME/MEI"
"SUSHI MAKER LTDA","iomar-jesus@bol.com.br","SUSHI MAKER LTDA","Restaurante","ME/MEI"
"BAR E LANCHES CISNE LTDA","mfalmeidasantos@mfalmeidasantos.com.br","BAR E LANCHES CISNE LTDA","Restaurante","ME/MEI"
"SERVICO DE MEDICINA DO TRABALHO RIGHI & RIGHI LTDA","juridico@righirighi.com.br","SERVICO DE MEDICINA DO TRABALHO RIGHI & RIGHI LTDA","Clinica","EPP"
"ENGUEDE - LANCHONETE E ROTISSERIE LTDA","fabiene@ligueesfihakalik.com.br","ENGUEDE - LANCHONETE E ROTISSERIE LTDA","Restaurante","ME/MEI"
"LANCHES COBRAO LTDA","mnguara@pop.com.br","LANCHES COBRAO LTDA","Restaurante","ME/MEI"
"DOG STATION LANCHES LTDA","marianomolina.13@hotmail.com","DOG STATION LANCHES LTDA","Restaurante","ME/MEI"
"LANCHES BEN HUR LTDA","rangelcontabil@gmail.com","LANCHES BEN HUR LTDA","Restaurante","EPP"
"HEITOR COMERCIO DE ALIMENTOS LTDA","agility@agilityassessoria.com.br","HEITOR COMERCIO DE ALIMENTOS LTDA","Restaurante","ME/MEI"
"BAR E LANCHES AZEN LTDA","tony.souza2309@gmail.com","BAR E LANCHES AZEN LTDA","Restaurante","ME/MEI"
"CIVIDANES SERVICOS MEDICOS SOCIEDADE SIMPLES LIMITADA","rtf6@terra.com.br","CIVIDANES SERVICOS MEDICOS SOCIEDADE SIMPLES LIMITADA","Clinica","EPP"
"ROSANA MONETTA CONTE - PIZZARIA","esca@esca.com.br","ROSANA MONETTA CONTE - PIZZARIA","Restaurante","EPP"
"DR. GUSTAVO PROTTI NEUROLOGIA CLINICA S/S","juliana.almeida@apisassociados.com.br","DR. GUSTAVO PROTTI NEUROLOGIA CLINICA S/S","Clinica","EPP"
"BAR E LANCHES LAPA DE BAIXO LTDA","pontualcontabil1@hotmail.com","BAR E LANCHES LAPA DE BAIXO LTDA","Restaurante","ME/MEI"
"BAR E CAFE TAPA O BICO LTDA","yosefsaraiva@gmail.com","BAR E CAFE TAPA O BICO LTDA","Restaurante","EPP"
"MORAIS E VELLONI SERVICOS MEDICOS SOCIEDADE SIMPLES LTDA.","contabilidadeokuma@terra.com.br","MORAIS E VELLONI SERVICOS MEDICOS SOCIEDADE SIMPLES LTDA.","Clinica","ME/MEI"
"BAR E LANCHES RECANTO DA MINHA DEUSA LTDA","r35f@uol.com.br","BAR E LANCHES RECANTO DA MINHA DEUSA LTDA","Restaurante","ME/MEI"
"PASTELARIA CLUB DO PASTEL LTDA","beto_dib@ig.com.br","PASTELARIA CLUB DO PASTEL LTDA","Restaurante","ME/MEI"
"J. SILVA FREITAS LTDA","minasgrill28@gmail.com","J. SILVA FREITAS LTDA","Restaurante","ME/MEI"
"HIROTA - SERVICOS MEDICOS LTDA","hirota.serv@bol.com.br","HIROTA - SERVICOS MEDICOS LTDA","Clinica","ME/MEI"
"LANCHES LAGO VERDE LTDA","lanchelargoverde@yahoo.com.br","LANCHES LAGO VERDE LTDA","Restaurante","ME/MEI"
"BAR E LANCHES CAPILE LTDA","jorgeduardo.meloo@gmail.com","BAR E LANCHES CAPILE LTDA","Restaurante","ME/MEI"
"BAR E LANCHES FUFUCA LTDA","advcguimaraes@uol.com.br","BAR E LANCHES FUFUCA LTDA","Restaurante","ME/MEI"
"BAR E LANCHES CERV INDO LTDA","jmr@jmrcontabil.com.br","BAR E LANCHES CERV INDO LTDA","Restaurante","ME/MEI"
"BAR E LANCHES WISARD LTDA","bardoalonsoramones@gmail.com","BAR E LANCHES WISARD LTDA","Restaurante","ME/MEI"
"RESTAURANTE GRANJA NOVA LTDA","dudussantana@hotmail.com","RESTAURANTE GRANJA NOVA LTDA","Restaurante","ME/MEI"
"DMB SERVICOS MEDICOS SS LTDA","contato@ocana.com.br","DMB SERVICOS MEDICOS SS LTDA","Clinica","ME/MEI"
"BAR E EMPORIO CANARIO LTDA","srcontabilidade@ig.com.br","BAR E EMPORIO CANARIO LTDA","Restaurante","ME/MEI"
"LANCHONETE REHEM DOIS LTDA","jmr@jmrcontabil.com.br","LANCHONETE REHEM DOIS LTDA","Restaurante","ME/MEI"
"CADILLAC BARBECUE RESTAURANTE E BAR LTDA","cadillacbbq@gmail.com","CADILLAC BARBECUE RESTAURANTE E BAR LTDA","Restaurante","EPP"
"GASTRO CLINICA PAULISTA LTDA","krjw@uol.com.br","GASTRO CLINICA PAULISTA LTDA","Clinica","ME/MEI"
"BAR E LANCHES UNIDOS DA LIBERDADE LTDA","jj.contabilidade@yahoo.com.br","BAR E LANCHES UNIDOS DA LIBERDADE LTDA","Restaurante","ME/MEI"
"ANDRADE SERVICOS MEDICOS S/S LTDA","tecnodoc@tecnodoc.com.br","ANDRADE SERVICOS MEDICOS S/S LTDA","Clinica","EPP"
"FORNALHA RESTAURANTE IMPORTACAO E COMERCIO DE COMESTIVEIS E BEBIDAS LTDA","pradocosta@globo.com","FORNALHA RESTAURANTE IMPORTACAO E COMERCIO DE COMESTIVEIS E BEBIDAS LTDA","Restaurante","EPP"
"AEROPIZZA RESTAURANTE E PIZZARIA LTDA","luiz@brukus.com.br","AEROPIZZA RESTAURANTE E PIZZARIA LTDA","Restaurante","ME/MEI"
"BAR RESTAURANTE E PIZZARIA POPEYE LTDA","popeyebff@gmail.com","BAR RESTAURANTE E PIZZARIA POPEYE LTDA","Restaurante","ME/MEI"
"RESTAURANTE, ROTISSERIE E LANCHONETE ALEGRE LTDA","romulo_marinho@globo.com","RESTAURANTE, ROTISSERIE E LANCHONETE ALEGRE LTDA","Restaurante","ME/MEI"
"BAR E LANCHES HUMAITA LTDA","humaita96@gmail.com","BAR E LANCHES HUMAITA LTDA","Restaurante","ME/MEI"
"LANCHONETE VALADARES LTDA","nova.vitoria@gmail.com","LANCHONETE VALADARES LTDA","Restaurante","EPP"
"BAR E LANCHES PASSO DA REGUA LTDA","andrade.checolin@terra.com.br","BAR E LANCHES PASSO DA REGUA LTDA","Restaurante","ME/MEI"
"DOCE E SALGADOS SARA LTDA","contato@wmcontabilidade.com","DOCE E SALGADOS SARA LTDA","Restaurante","ME/MEI"
"LANCHONETE DICA LTDA","mantero@uol.com.br","LANCHONETE DICA LTDA","Restaurante","ME/MEI"
"B W BAR E LANCHES LTDA","p_hcc@hotmail.com","B W BAR E LANCHES LTDA","Restaurante","EPP"
"CLINICA PAULISTA DE ALERGIA LTDA","clinica@clinicapaulistadealergia.com.br","CLINICA PAULISTA DE ALERGIA LTDA","Clinica","EPP"
"NONNAMARIA DOCES E SALGADOS LTDA","contato@contabilidadeunicont.com.br","NONNAMARIA DOCES E SALGADOS LTDA","Restaurante","ME/MEI"
"PAPA PIZZA COMERCIO DE ALIMENTOS LTDA","hauschildr@gmail.com","PAPA PIZZA COMERCIO DE ALIMENTOS LTDA","Restaurante","ME/MEI"
"GELATERIA ITALIA LTDA","contale@netway.com.br","GELATERIA ITALIA LTDA","Restaurante","ME/MEI"
"CLINICA LONGEVITAH SERVICOS MEDICOS S/S","tmagal@terra.com.br","CLINICA LONGEVITAH SERVICOS MEDICOS S/S","Clinica","ME/MEI"
"DANILO S CAFE E LANCHES LTDA","mguerr@uol.com.br","DANILO S CAFE E LANCHES LTDA","Restaurante","ME/MEI"
"ONODERA E MURATA SERVICOS MEDICOS LTDA","deonodera@hotmail.com","ONODERA E MURATA SERVICOS MEDICOS LTDA","Clinica","ME/MEI"
"BRUMED SERVICOS MEDICOS LTDA","brumedsp@gmail.com","BRUMED SERVICOS MEDICOS LTDA","Clinica","ME/MEI"
"BRAVUS BAR E MERCEARIA LTDA","gonzagawilson@yahoo.com.br","BRAVUS BAR E MERCEARIA LTDA","Restaurante","ME/MEI"
"LANCHONETE COPAO PAULISTA LTDA","nova.vitoria@gmail.com","LANCHONETE COPAO PAULISTA LTDA","Restaurante","ME/MEI"
"67.052.696 JUCELINA BERTOLIN DE SOUZA","priscont@uol.com.br","67.052.696 JUCELINA BERTOLIN DE SOUZA","Restaurante","ME/MEI"
"SAO SAO PAULO CENTER TERMAS E DRINKS LTDA","asselfis@asselfis.com.br","SAO SAO PAULO CENTER TERMAS E DRINKS LTDA","Restaurante","ME/MEI"
"CASA DE LANCHES RAINHA DA CUPECE LTDA","moacir@provisaocontabil.com.br","CASA DE LANCHES RAINHA DA CUPECE LTDA","Restaurante","ME/MEI"
"RESTAURANTE KAZUKI SUSHI LTDA","comercial@gueveron.com","RESTAURANTE KAZUKI SUSHI LTDA","Restaurante","ME/MEI"
"BAMBORE BAR LTDA","rhshima@hotmail.com","BAMBORE BAR LTDA","Restaurante","ME/MEI"
"HOLLY'S PIZZARIA E LANCHONETE LTDA","contato@hollys.com.br","HOLLY'S PIZZARIA E LANCHONETE LTDA","Restaurante","ME/MEI"
"BAR E LANCHES SERRA NEVADA LTDA","contabil.elite@terra.com.br","BAR E LANCHES SERRA NEVADA LTDA","Restaurante","ME/MEI"
"MON CHERRY AVICOLA LTDA.","pafrene@terra.com.br","MON CHERRY AVICOLA LTDA.","Restaurante","ME/MEI"
"CHARME DA CACHOEIRINHA BAR E CAFE LTDA","charmedacachoeirinha@gmail.com","CHARME DA CACHOEIRINHA BAR E CAFE LTDA","Restaurante","ME/MEI"
"ASSISTENCIA OFTALMOLOGICA DR. RUBENS PLAPLER LTDA","legalizacao@portecontabil.com.br","ASSISTENCIA OFTALMOLOGICA DR. RUBENS PLAPLER LTDA","Clinica","ME/MEI"
"ATSUSHI KOGA LTDA","comercial@contaltec.com","ATSUSHI KOGA LTDA","Restaurante","ME/MEI"
"CARDIOSAUDE SERVICOS MEDICOS LTDA","doutor.elia.ascer@gmail.com","CARDIOSAUDE SERVICOS MEDICOS LTDA","Clinica","EPP"
"CMU-CENTRO MEDICO UROLOGICO SS","cmuurologia@terra.com.br","CMU-CENTRO MEDICO UROLOGICO SS","Clinica","EPP"
"BIMI SERVICOS COMERCIO E ADMINISTRACAO LTDA","brasnippon@brasnippon.com.br","BIMI SERVICOS COMERCIO E ADMINISTRACAO LTDA","Restaurante","ME/MEI"
"JOSE MOTA DE GOIS","camila_gois@yahoo.com.br","JOSE MOTA DE GOIS","Restaurante","ME/MEI"
"LANCHONETE E RESTAURANTE MARIA DA PAZ LTDA","barelanchesrealeza@gmail.com","LANCHONETE E RESTAURANTE MARIA DA PAZ LTDA","Restaurante","ME/MEI"
"OFTALMOMED CLINICA DE OLHOS LTDA","adm@clinicaoftalmomed.com.br","OFTALMOMED CLINICA DE OLHOS LTDA","Clinica","EPP"
"INFECTO CONSULTORIO MEDICO","augusto@nkcontabil.com.br","INFECTO CONSULTORIO MEDICO","Clinica","EPP"
"CUCE MEDICOS ASSOCIADOS LTDA","adm@vitalmax.com.br","CUCE MEDICOS ASSOCIADOS LTDA","Clinica","ME/MEI"
"BAR E LANCHES PSA LTDA","legal@consultoriacontabil.com.br","BAR E LANCHES PSA LTDA","Restaurante","ME/MEI"
"MARIA ODETE DOS REIS CURIGLIANO","ademir.curigliano@terra.com","MARIA ODETE DOS REIS CURIGLIANO","Restaurante","ME/MEI"
"LHM RESTAURANTE LTDA","contato@lovinghutsaopaulo.com.br","LHM RESTAURANTE LTDA","Restaurante","ME/MEI"
"MARQUES, MONTESANTI, MILANI, POPOUTCHI - SERVICOS MEDICOS S/S LTDA","oswaldowiliam@terra.com.br","MARQUES, MONTESANTI, MILANI, POPOUTCHI - SERVICOS MEDICOS S/S LTDA","Clinica","EPP"
"07.454.140 CARLOS JOSE DA SILVA","cjs6331@gmail.com","07.454.140 CARLOS JOSE DA SILVA","Restaurante","ME/MEI"
"CLEARANCE NEFROLOGIA E DIALISE S/S","clearance3131@gmail.com","CLEARANCE NEFROLOGIA E DIALISE S/S","Clinica","EPP"
"GPAC SERVICOS MEDICOS LTDA","comercial@metamedicall.com.br","GPAC SERVICOS MEDICOS LTDA","Clinica","ME/MEI"
"CLINICA OREL LTDA","kabosam@hotmail.com","CLINICA OREL LTDA","Clinica","ME/MEI"
"IPSO - INSTITUTO DE PROMOCAO DA SAUDE OCULAR LTDA","oftalmo.ricardo@gmail.com","IPSO - INSTITUTO DE PROMOCAO DA SAUDE OCULAR LTDA","Clinica","ME/MEI"
"A.A. SERVICOS MEDICOS S/S","senel@senel.com.br","A.A. SERVICOS MEDICOS S/S","Clinica","ME/MEI"
"BASILE E GARMS SERVICOS MEDICOS LTDA","contato@emersongarms.com.br","BASILE E GARMS SERVICOS MEDICOS LTDA","Clinica","EPP"
"LANCHONETE REHEM TRES LTDA","jmr@jmrcontabil.com.br","LANCHONETE REHEM TRES LTDA","Restaurante","ME/MEI"
"RESTAURANTE MARABARBA LTDA","costelariapedrakent@ig.com.br","RESTAURANTE MARABARBA LTDA","Restaurante","ME/MEI"
"CLINICA MEDICA VILA MATILDE LTDA.","clinicavilamatilde@gmail.com","CLINICA MEDICA VILA MATILDE LTDA.","Clinica","EPP"
"CASA DO NORTE PICA PAU BAR E EMPORIO LTDA","wcpcont@terra.com.br","CASA DO NORTE PICA PAU BAR E EMPORIO LTDA","Restaurante","ME/MEI"
"SILVANA GOMES BEZERRA FERREIRA","jksantos@terra.com.br","SILVANA GOMES BEZERRA FERREIRA","Restaurante","ME/MEI"
"GRUPO DE CIRURGIA DE TIREOIDE, CABECA E PESCOCO LTDA.","acbapt@uol.com.br","GRUPO DE CIRURGIA DE TIREOIDE, CABECA E PESCOCO LTDA.","Clinica","EPP"
"V.O.R. SERVICOS MEDICOS S/S LTDA","opcaocont@uol.com.br","V.O.R. SERVICOS MEDICOS S/S LTDA","Clinica","ME/MEI"
"W.K.LEE - RESTAURANTE","krkp002@gmail.com","W.K.LEE - RESTAURANTE","Restaurante","ME/MEI"
"GISELE DE CAMPOS","fator_contabil@terra.com.br","GISELE DE CAMPOS","Clinica","ME/MEI"
"NERY & MASSEO SERVICOS MEDICOS LTDA.","juniorcontase@uol.com.br","NERY & MASSEO SERVICOS MEDICOS LTDA.","Clinica","EPP"
"DOCERIA KIKO LIMA LTDA","kikolima@gmail.com","DOCERIA KIKO LIMA LTDA","Restaurante","ME/MEI"
"RESTAURANTE MARTIN FIERRO LTDA","diretoria@contabilvisao.com.br","RESTAURANTE MARTIN FIERRO LTDA","Restaurante","EPP"
"ORION LANCHONETE LTDA.","brazcontabil@brazcontabil.com.br","ORION LANCHONETE LTDA.","Restaurante","ME/MEI"
"CELIA SAMPAIO COSTA","legal@contabilsaomartinho.com.br","CELIA SAMPAIO COSTA","Clinica","ME/MEI"
"SAMELA BAR E RESTAURANTE LTDA","contcamargonovo@uol.com.br","SAMELA BAR E RESTAURANTE LTDA","Restaurante","ME/MEI"
"BAR E LANCHES EPANINA LTDA","fiscose@fiscose.com.br","BAR E LANCHES EPANINA LTDA","Restaurante","ME/MEI"
"RESTAURANTE E LANCHONETE E & D LTDA","comercial@oliveiratelles.com.br","RESTAURANTE E LANCHONETE E & D LTDA","Restaurante","ME/MEI"
"CLINICA CARDIOLOGICA VALDIGEM & CARNEIRO LTDA","legalizacao@mastercontabilsp.com.br","CLINICA CARDIOLOGICA VALDIGEM & CARNEIRO LTDA","Clinica","ME/MEI"
"FUNDAMENTO - SOCIEDADE DE PROFISSIONAIS MEDICOS LTDA.","roberto@fundamento.com.br","FUNDAMENTO - SOCIEDADE DE PROFISSIONAIS MEDICOS LTDA.","Clinica","ME/MEI"
"COLUCO SERVICOS DE ASSISTENCIA MEDICA OCUPACIONAL LTDA","assadconsultoria@uol.com.br","COLUCO SERVICOS DE ASSISTENCIA MEDICA OCUPACIONAL LTDA","Clinica","ME/MEI"
"LUMA'S CAFE LTDA","lumas.cafe@hotmail.com","LUMA'S CAFE LTDA","Restaurante","ME/MEI"
"FAC MED SERVICOS MEDICOS LTDA","sonocare.fernanda@gmail.com","FAC MED SERVICOS MEDICOS LTDA","Clinica","ME/MEI"
"FRANCISCO DE A. BATISTA BAR E RESTAURANTE","reinoal@hotmail.com","FRANCISCO DE A. BATISTA BAR E RESTAURANTE","Restaurante","ME/MEI"
"GELATO DE FATO LTDA","izidrojulio@gmail.com","GELATO DE FATO LTDA","Restaurante","EPP"
"B & M SERVICOS MEDICOS S/S","bem.empresa@gmail.com","B & M SERVICOS MEDICOS S/S","Clinica","ME/MEI"
"RESTAURANTE KI-TUDO LTDA","tamarbmanso@ig.com.br","RESTAURANTE KI-TUDO LTDA","Restaurante","ME/MEI"
"JOSE MARIA MARTINS BAR","conexao061@hotmail.com","JOSE MARIA MARTINS BAR","Restaurante","ME/MEI"
"R.Y. TAGUTI ALIMENTOS","contabs@contabs.com.br","R.Y. TAGUTI ALIMENTOS","Restaurante","ME/MEI"
"KARDOSH CLINICA VASCULAR LTDA","jbariani@terra.com.br","KARDOSH CLINICA VASCULAR LTDA","Clinica","ME/MEI"
"CLINEN S. S. SERVICOS MEDICOS LTDA","clinenservmedicos@gmail.com","CLINEN S. S. SERVICOS MEDICOS LTDA","Clinica","ME/MEI"
"DENIGRIZ SAUDE DA MULHER S/S LTDA","dgrizante@uol.com.br","DENIGRIZ SAUDE DA MULHER S/S LTDA","Clinica","ME/MEI"
"T & F SALITURE SERVICOS MEDICOS S/S","fsaliture@hotmail.com","T & F SALITURE SERVICOS MEDICOS S/S","Clinica","ME/MEI"
"CLINICA MEDICA SAO RAFAEL S/S","camila_villanacc@uol.com.br","CLINICA MEDICA SAO RAFAEL S/S","Clinica","ME/MEI"
"CLINICA OFTALMOLOGICA PRISMA S/S","ioa.oftalmo@uol.com.br","CLINICA OFTALMOLOGICA PRISMA S/S","Clinica","ME/MEI"
"ORTOSPORT - ORTOPEDIA E TRAUMATOLOGIA DO ESPORTE LTDA","legal@notaricontabil.com.br","ORTOSPORT - ORTOPEDIA E TRAUMATOLOGIA DO ESPORTE LTDA","Clinica","EPP"
"MAREA LANCHONETE LTDA","universal@unicontab.com.br","MAREA LANCHONETE LTDA","Restaurante","ME/MEI"
"AOGIC PREVENCAO E SAUDE LTDA","control.legal@outlook.com","AOGIC PREVENCAO E SAUDE LTDA","Clinica","ME/MEI"
"MARIA EDILEUZA RODRIGUES FERNANDES BAR","edileuzarf21@gmail.com","MARIA EDILEUZA RODRIGUES FERNANDES BAR","Restaurante","ME/MEI"
"COIC CLINICA OFTALMOLOGICA INTEGRADA CLINICO CIRURGICA LTDA","societario@contabilmoyses.com.br","COIC CLINICA OFTALMOLOGICA INTEGRADA CLINICO CIRURGICA LTDA","Clinica","EPP"
"MACHADO E RIVITTI DERMATOLOGIA  LTDA","juliana.almeida@apisassociados.com.br","MACHADO E RIVITTI DERMATOLOGIA  LTDA","Clinica","ME/MEI"
"FAYRUSS & SIMONE MEDICOS E ASSOCIADOS LTDA","equi.ink@gmail.com","FAYRUSS & SIMONE MEDICOS E ASSOCIADOS LTDA","Clinica","ME/MEI"
"ENDO & IMAGENS SERVICOS MEDICOS S/S.","juliana.almeida@apisassociados.com.br","ENDO & IMAGENS SERVICOS MEDICOS S/S.","Clinica","EPP"
"UBAJARA CASA DO NORTE E MERCEARIA LTDA","wagnermoreiraaraujo07@gmail.com","UBAJARA CASA DO NORTE E MERCEARIA LTDA","Restaurante","ME/MEI"
"LANCHONETE PORTO ALTO LTDA","rosana.juridico@bol.com.br","LANCHONETE PORTO ALTO LTDA","Restaurante","ME/MEI"
"CORPO EM EVIDENCIA CLINICA MEDICA LTDA","contato@corpoemevidencia.com.br","CORPO EM EVIDENCIA CLINICA MEDICA LTDA","Clinica","ME/MEI"
"S. DO RAMO MATA RIBEIRO - CANTINA","www.nilda.ssantos@terra.com.br","S. DO RAMO MATA RIBEIRO - CANTINA","Restaurante","ME/MEI"
"JAGUARE LANCHES LTDA","rlandin@simplewaycontabilcom.br","JAGUARE LANCHES LTDA","Restaurante","ME/MEI"
"VAISBERG SERVICOS MEDICOS LTDA","alvais@uol.com.br","VAISBERG SERVICOS MEDICOS LTDA","Clinica","ME/MEI"
"HAMBURGUERIA ANDREY LTDA","lopes-santosassessoria@hotmail.com","HAMBURGUERIA ANDREY LTDA","Restaurante","ME/MEI"
"BAR E LANCHES PIONEIRO'S LIMITADA","haroldo.contador@ig.com.br","BAR E LANCHES PIONEIRO'S LIMITADA","Restaurante","ME/MEI"
"MED MFERNANDES SERVICOS MEDICOS LTDA","mrclfernandes@hotmail.com","MED MFERNANDES SERVICOS MEDICOS LTDA","Clinica","ME/MEI"
"PRINTA BAR LTDA","escomcontabil@terra.com.br","PRINTA BAR LTDA","Restaurante","ME/MEI"
"MEGA PROMOCOES E EVENTOS LTDA","alexandregbrito@outlook.com","MEGA PROMOCOES E EVENTOS LTDA","Restaurante","ME/MEI"
"CENTRO NEUROCIRURGICO DE SAO PAULO LTDA","diema@pop.com.br","CENTRO NEUROCIRURGICO DE SAO PAULO LTDA","Clinica","EPP"
"HATANAKA PRESTACAO DE SERVICOS MEDICOS SS","marcelo.hatanaka@gmail.com","HATANAKA PRESTACAO DE SERVICOS MEDICOS SS","Clinica","ME/MEI"
"CEAAD - PRESTADORA DE SERVICOS MEDICOS LTDA.","joeni@terra.com.br","CEAAD - PRESTADORA DE SERVICOS MEDICOS LTDA.","Clinica","EPP"
"ENDO-GASTRO GASTROENTEREOLOGIA E ENDOSCOPIA DIGESTIVA LTDA","eclcontabil@eclcontabil.com.br","ENDO-GASTRO GASTROENTEREOLOGIA E ENDOSCOPIA DIGESTIVA LTDA","Clinica","ME/MEI"
"LCC ATENDIMENTO MEDICO LTDA","rafael@priollidacunha.com","LCC ATENDIMENTO MEDICO LTDA","Clinica","ME/MEI"
"WALDIR CURIATI DERMATOLOGIA LTDA","astecocontabil@terra.com.br","WALDIR CURIATI DERMATOLOGIA LTDA","Clinica","ME/MEI"
"ECM SERVICOS MEDICOS LTDA","ecmclinicacardio@gmail.com","ECM SERVICOS MEDICOS LTDA","Clinica","EPP"
"ESPETO DO SUL LANCHONETE LTDA","atorrico@terra.com.br","ESPETO DO SUL LANCHONETE LTDA","Restaurante","ME/MEI"
"LANCHONETE ARACA LTDA","servcontalita@uol.com.br","LANCHONETE ARACA LTDA","Restaurante","ME/MEI"
"CARLOS ROGERIO EGIDIO BAR LANCHES","daribeiro@uol.com.br","CARLOS ROGERIO EGIDIO BAR LANCHES","Restaurante","ME/MEI"
"OKAMOTO UETA SERVICOS MEDICOS SOCIEDADE SIMPLES LTDA.","societario@fitcontabil.com.br","OKAMOTO UETA SERVICOS MEDICOS SOCIEDADE SIMPLES LTDA.","Clinica","ME/MEI"
"BAR, LANCHONETE E MERCEARIA KAJEC LTDA","servicon-contabilidade@uol.com.br","BAR, LANCHONETE E MERCEARIA KAJEC LTDA","Restaurante","ME/MEI"
"BAR E LANCHES K-TISPERO LTDA","barelanchesktispero@barelanchesktispero.com.br","BAR E LANCHES K-TISPERO LTDA","Restaurante","ME/MEI"
"CLINICA MEDICA FAVERO S/S LTDA","emersonfavero@gmail.com","CLINICA MEDICA FAVERO S/S LTDA","Clinica","EPP"
"ALVARENGA SERVICOS MEDICOS S/S","alvarenga.orl@gmail.com","ALVARENGA SERVICOS MEDICOS S/S","Clinica","EPP"
"JOSE GOMES LACERDA FEIRANTE","takedaesoubihe@hotmail.com","JOSE GOMES LACERDA FEIRANTE","Restaurante","ME/MEI"
"CLINICA DE NEUROFISIOLOGIA DRA. CARMEN HIERRO TORNE LTDA","pacocont@pacocont.com.br","CLINICA DE NEUROFISIOLOGIA DRA. CARMEN HIERRO TORNE LTDA","Clinica","ME/MEI"
"INSTITUTO DE MEDICINA E CIRURGIA FIORELLI S/S","clorg@uol.com.br","INSTITUTO DE MEDICINA E CIRURGIA FIORELLI S/S","Clinica","ME/MEI"
"M & M PRIMA SAUDE LTDA","mmpsaude@yahoo.com.br","M & M PRIMA SAUDE LTDA","Clinica","ME/MEI"
"CLINICA OTORRINOLARINGOLOGICA INDIANOPOLIS LTDA","contato@kardios.com.br","CLINICA OTORRINOLARINGOLOGICA INDIANOPOLIS LTDA","Clinica","ME/MEI"
"MESCHA SERVICE LTDA","danschaffa@gmail.com.br","MESCHA SERVICE LTDA","Clinica","ME/MEI"
"CLINICA DRA. LADIJANE MARIA DUARTE LTDA","clinicadraladijane@hotmail.com","CLINICA DRA. LADIJANE MARIA DUARTE LTDA","Clinica","ME/MEI"
"BLOOD CARE SERVICOS HEMATOLOGICOS LTDA","iraci@chsp.org.br","BLOOD CARE SERVICOS HEMATOLOGICOS LTDA","Clinica","EPP"
"INTEGRAREVIDA SERVICOS EM SAUDE LTDA","dpto-legal1@ctw.com.br","INTEGRAREVIDA SERVICOS EM SAUDE LTDA","Clinica","ME/MEI"
"948 ESFIHARIA E ROTISSERIE LTDA","contato@ligesfiha.com.br","948 ESFIHARIA E ROTISSERIE LTDA","Restaurante","ME/MEI"
"CLINICA PAULISTA DE NEUROCIRURGIA ONCOLOGICA LTDA","marcosmaldaun@hotmail.com","CLINICA PAULISTA DE NEUROCIRURGIA ONCOLOGICA LTDA","Clinica","ME/MEI"
"CLINICA SYNESIS LTDA","contratos@sahcontabil.com","CLINICA SYNESIS LTDA","Clinica","ME/MEI"
"LANCHES CHARLES DOG S LTDA","administrativo@charlesdog.com.br","LANCHES CHARLES DOG S LTDA","Restaurante","EPP"
"SUSANA FERREIRA DA SILVA LANCHONETE","cesim@ig.com.br","SUSANA FERREIRA DA SILVA LANCHONETE","Restaurante","ME/MEI"
"A. G. CLINICA PEDIATRICA LTDA","viche.antonelli@terra.com.br","A. G. CLINICA PEDIATRICA LTDA","Clinica","EPP"
"BAR E LANCHES RAISSA LTDA","gerlanio+@hotmail.com","BAR E LANCHES RAISSA LTDA","Restaurante","ME/MEI"
"UNIPLAS CIRURGIOES PLASTICOS ASSOCIADOS LTDA","andrereiff@uol.com.br","UNIPLAS CIRURGIOES PLASTICOS ASSOCIADOS LTDA","Clinica","EPP"
"CEOC - CENTRO ESPECIALIZADO DE OTORRINOLARINGOLOGIA LTDA","contratos@sahcontabil.com.br","CEOC - CENTRO ESPECIALIZADO DE OTORRINOLARINGOLOGIA LTDA","Clinica","EPP"
"LANCHONETE E PASTELARIA HUNG SHENG LTDA","jmr@jmrcontabil.com.br","LANCHONETE E PASTELARIA HUNG SHENG LTDA","Restaurante","ME/MEI"
"VITAE CLINICA MEDICA INTEGRADA LTDA","anaclaudiascarabel@msn.com","VITAE CLINICA MEDICA INTEGRADA LTDA","Clinica","ME/MEI"
"CIRURGIA VASCULAR LTDA","maxiqualy@uol.com.br","CIRURGIA VASCULAR LTDA","Clinica","ME/MEI"
"CATOAL SERVICOS MEDICOS S/S","sgtommaso@gmail.com","CATOAL SERVICOS MEDICOS S/S","Clinica","EPP"
"LEME & VENDRAMINI SERVICOS MEDICOS S/S","fatima@apisassociados.com.br","LEME & VENDRAMINI SERVICOS MEDICOS S/S","Clinica","ME/MEI"
"BAR E LANCHES DIGO LTDA","contabildouglas@globo.com","BAR E LANCHES DIGO LTDA","Restaurante","ME/MEI"
"ORL ASSOCIADOS SERVICOS MEDICOS LTDA","priscontdp@uol.com.br","ORL ASSOCIADOS SERVICOS MEDICOS LTDA","Clinica","ME/MEI"
"LANCHONETE CUCA BRASILEIRA LTDA","denilson_contador@yahoo.com.br","LANCHONETE CUCA BRASILEIRA LTDA","Restaurante","ME/MEI"
"RINALDIS SERVICOS MEDICOS LTDA","wrc@uol.com.br","RINALDIS SERVICOS MEDICOS LTDA","Clinica","ME/MEI"
"BAR E CAFE ARRASTAO LTDA","willian.esmeralda@hotmail.com","BAR E CAFE ARRASTAO LTDA","Restaurante","ME/MEI"
"BAR E CAFE SOBRAL LTDA","contato@contabilanser.com.br","BAR E CAFE SOBRAL LTDA","Restaurante","ME/MEI"
"CIRUVASC CLINICA ESPECIALIZADA EM CIRURGIA VASCULAR SS","apoio@apoiocontabilidade.com.br","CIRUVASC CLINICA ESPECIALIZADA EM CIRURGIA VASCULAR SS","Clinica","ME/MEI"
"AVICOLA KOMABEM LTDA","participativaassessoria@gmail.com","AVICOLA KOMABEM LTDA","Restaurante","ME/MEI"
"BAR E CAFE 1463 LTDA","novacontabil@novacontabil.net.br","BAR E CAFE 1463 LTDA","Restaurante","ME/MEI"
"ROSMARINO RESTAURANTE LTDA","rosmarino@uol.com.br","ROSMARINO RESTAURANTE LTDA","Restaurante","EPP"
"BAR DO CUMPADI LTDA","ams@amscontabil.com.br","BAR DO CUMPADI LTDA","Restaurante","ME/MEI"
"COMERCIO DE ALIMENTOS CANTINHO DA ROCA LTDA","cantinhodarocca@ig.com.br","COMERCIO DE ALIMENTOS CANTINHO DA ROCA LTDA","Restaurante","ME/MEI"
"SENA'S ESCRITORIO BAR E HAMBURGUER LTDA","st.contabil@uol.com.br","SENA'S ESCRITORIO BAR E HAMBURGUER LTDA","Restaurante","ME/MEI"
"GILVAN VALDO DOS SANTOS","selcron@selcron.com.br","GILVAN VALDO DOS SANTOS","Restaurante","ME/MEI"
"CANTINA DO COLEGIO JOAO XXIII LTDA","catinajoao23@hotmail.com","CANTINA DO COLEGIO JOAO XXIII LTDA","Restaurante","EPP"
"MARTA MARIA MARCON BUENO","cavalcante@cavalcante.com.br","MARTA MARIA MARCON BUENO","Restaurante","ME/MEI"
"LANCHONETE PANAMERICANA LTDA","aberturapj@exacontabil.com.br","LANCHONETE PANAMERICANA LTDA","Restaurante","ME/MEI"
"BAR E LANCHES PITALMEIDA LTDA","hhh@gmai.com","BAR E LANCHES PITALMEIDA LTDA","Restaurante","ME/MEI"
"BAR E RESTAURANTE JUCALEMAO LIMITADA","cidacontratos@montiiconsultoria.com.br","BAR E RESTAURANTE JUCALEMAO LIMITADA","Restaurante","EPP"
"VOLTILANCHES LTDA","pontualcontabil1@hotmail.com","VOLTILANCHES LTDA","Restaurante","ME/MEI"
"CLINICA MEDICA CAMELO NUNES LTDA","liana.fontoura@vilalbafontoura.com.br","CLINICA MEDICA CAMELO NUNES LTDA","Clinica","EPP"
"J. JERONIMO DA SILVA ADEGA E RESTAURANTE","jose.jeronimodasilva1947@gmail.com","J. JERONIMO DA SILVA ADEGA E RESTAURANTE","Restaurante","ME/MEI"
"OKAMURA COMERCIO DE ALIMENTOS LTDA","arthur@agcrcontabil.com.br","OKAMURA COMERCIO DE ALIMENTOS LTDA","Restaurante","ME/MEI"
"CIRPLASGI - CIRURGIA PLASTICA SERVICOS MEDICOS LTDA","cirplasgi1961@gmail.com","CIRPLASGI - CIRURGIA PLASTICA SERVICOS MEDICOS LTDA","Clinica","ME/MEI"
"AMARO JOSE SILVEIRA DE CAMARGO DIAGNOSTICO E REABILITACAO EM MEDICINA LTDA","atendimento@clinicaamarocamargo.com.br","AMARO JOSE SILVEIRA DE CAMARGO DIAGNOSTICO E REABILITACAO EM MEDICINA LTDA","Clinica","EPP"
"FOSTER - SERVICOS MEDICOS LTDA","contato@rkita.com.br","FOSTER - SERVICOS MEDICOS LTDA","Clinica","EPP"
"CHURRASCARIA A LIDER LTDA","indepen@terra.com.br","CHURRASCARIA A LIDER LTDA","Restaurante","ME/MEI"
"CLINICA O.C. MEDICINA S/S","societario@contabilmoyses.com.br","CLINICA O.C. MEDICINA S/S","Clinica","ME/MEI"
"RIZOTO CENTER 3 LANCHES LTDA","boavistacontabil@boavistacontabil.com.br","RIZOTO CENTER 3 LANCHES LTDA","Restaurante","ME/MEI"
"REGINA LUCIA DA SILVA NEVES BAR E LANCHES","conpuma@ig.com.br","REGINA LUCIA DA SILVA NEVES BAR E LANCHES","Restaurante","ME/MEI"
"REQUINTE RESTAURANTE LTDA","comprasbucatini@gmail.com","REQUINTE RESTAURANTE LTDA","Restaurante","EPP"
"LIBERSERV MEDICINA DO TRABALHO LTDA","medicina@liberass.com.br","LIBERSERV MEDICINA DO TRABALHO LTDA","Clinica","EPP"
"DOCTOR S CARE SERVICOS MEDICOS LTDA","celtavolari@gmail.com","DOCTOR S CARE SERVICOS MEDICOS LTDA","Clinica","EPP"
"PITHIORETTO PIZZAS, MASSAS, RESTAURANTE E DELIVERY LTDA.","michel@adwconsult.com.br","PITHIORETTO PIZZAS, MASSAS, RESTAURANTE E DELIVERY LTDA.","Restaurante","ME/MEI"
"OCULARE OFTALMOLOGIA ESPECIALIZADA LTDA","drgabrielcastrousp@gmail.com","OCULARE OFTALMOLOGIA ESPECIALIZADA LTDA","Clinica","EPP"
"BOARI & BRANDINA SERVICOS MEDICOS LTDA","ricardoboari@gmail.com","BOARI & BRANDINA SERVICOS MEDICOS LTDA","Clinica","ME/MEI"
"CIRPEMED - SERVICOS MEDICOS S/S","juliana.almeida@apisassociados.com.br","CIRPEMED - SERVICOS MEDICOS S/S","Clinica","EPP"
"CLINICA MILMAN MED LTDA","sergiomsgs@hotmail.com","CLINICA MILMAN MED LTDA","Clinica","EPP"
"PIC NIC SUCOS E LANCHES LTDA","tropper@terra.com.br","PIC NIC SUCOS E LANCHES LTDA","Restaurante","ME/MEI"
"CLINICA MEDICA RHEUMATIC S/S LTDA","lucienhenriii@gmail.com","CLINICA MEDICA RHEUMATIC S/S LTDA","Clinica","ME/MEI"
"CABO VERDE RESTAURANTE LTDA","renato@vianaduarte.com.br","CABO VERDE RESTAURANTE LTDA","Restaurante","ME/MEI"
"RMF CONSULTORIO MEDICO","rubens.macedo.filho@gmail.com","RMF CONSULTORIO MEDICO","Clinica","ME/MEI"
"BEL LANCHES LTDA","rnldmilan@gmail.com","BEL LANCHES LTDA","Restaurante","ME/MEI"
"LANCHES B H LTDA","lanchesbh1533@gmail.com","LANCHES B H LTDA","Restaurante","ME/MEI"
"CLINICA MEDICA REZEK & LOPES LTDA","contato@contabilleonardis.com.br","CLINICA MEDICA REZEK & LOPES LTDA","Clinica","EPP"
"WAGNER MUNHOZ DAVINO","flashcontabil@uol.com.br","WAGNER MUNHOZ DAVINO","Restaurante","ME/MEI"
"YPIRANGA & FONSECA SAUDE LTDA","rodrigo.plastica@gmail.com","YPIRANGA & FONSECA SAUDE LTDA","Clinica","ME/MEI"
"OFTOCIRUR CLINICA OFTALMOLOGICA LTDA.","minhapj@mitfokus.com.br","OFTOCIRUR CLINICA OFTALMOLOGICA LTDA.","Clinica","ME/MEI"
"RESTAURANTE CAMPEAO LTDA","sem.email@sem.email","RESTAURANTE CAMPEAO LTDA","Restaurante","ME/MEI"
"ARAUJO LAPA SERVICOS MEDICOS LTDA","diretoria@marajoaracontabil.com.br","ARAUJO LAPA SERVICOS MEDICOS LTDA","Clinica","EPP"
"PERFIL CIRURGIA PLASTICA LTDA.","fbrasileiro@uol.com.br","PERFIL CIRURGIA PLASTICA LTDA.","Clinica","ME/MEI"
"MARILEIDE SOARES VILA NOVA - LANCHONETE","osvair.pereira@uol.com.br","MARILEIDE SOARES VILA NOVA - LANCHONETE","Restaurante","ME/MEI"
"53.485.207 JOSE ZITO MARQUES DOS SANTOS","bruno.contabilmota@hotmail.com","53.485.207 JOSE ZITO MARQUES DOS SANTOS","Restaurante","ME/MEI"
"KANBU BAR LTDA","reparticao@luzitanacontabilidade.com.br","KANBU BAR LTDA","Restaurante","ME/MEI"
"UESP UNIDADE ECOCARDIOGRAFICA DE SAO PAULO S/S LTDA","contabilidade@xable.com.br","UESP UNIDADE ECOCARDIOGRAFICA DE SAO PAULO S/S LTDA","Clinica","ME/MEI"
"E.T.L. SERVICOS MEDICOS LTDA","ana.tognotti@gmail.com","E.T.L. SERVICOS MEDICOS LTDA","Clinica","EPP"
"B. J. COMERCIO DE REFEICOES LTDA","contabilmiami@terra.com.br","B. J. COMERCIO DE REFEICOES LTDA","Restaurante","ME/MEI"
"BEI JING HUO GUO RESTAURANTE LTDA","star.assessoria@globo.com","BEI JING HUO GUO RESTAURANTE LTDA","Restaurante","ME/MEI"
"CLINICA CLIVAN DE PRESTACAO DE SERVICOS DE SAUDE LTDA.","clivan.vanice@uol.com.br","CLINICA CLIVAN DE PRESTACAO DE SERVICOS DE SAUDE LTDA.","Clinica","EPP"
"CLINICA DE CIRURGIA PLASTICA DR. EMANUEL BAMBIOLAKIS LTDA","contagel@uol.com.br","CLINICA DE CIRURGIA PLASTICA DR. EMANUEL BAMBIOLAKIS LTDA","Clinica","EPP"
"VILMA'S DOCERIA ROTISSERIE E BUFFET LTDA","ritacontadora@hotmail.com","VILMA'S DOCERIA ROTISSERIE E BUFFET LTDA","Restaurante","ME/MEI"
"JARDIM PAULISTA CASA DO LANCHE LTDA","restaurantemorpara@gmail.com","JARDIM PAULISTA CASA DO LANCHE LTDA","Restaurante","ME/MEI"
"FRANCISCO LUIZ DE NORONHA","stimullo2010@hotmail.com","FRANCISCO LUIZ DE NORONHA","Restaurante","ME/MEI"
"DR MARCIO HENRIQUE DIAS OFTALMOLOGISTAS LTDA","marciohd2@gmail.com","DR MARCIO HENRIQUE DIAS OFTALMOLOGISTAS LTDA","Clinica","ME/MEI"
"DORIA & XAVIER SERVICOS MEDICOS SOCIEDADE SIMPLES LIMITADA","consultorio@sandradoria.com.br","DORIA & XAVIER SERVICOS MEDICOS SOCIEDADE SIMPLES LIMITADA","Clinica","ME/MEI"
"LANCHES MILENIO LTDA","bardofifi2016@hotmail.com","LANCHES MILENIO LTDA","Restaurante","ME/MEI"
"BELA NAPOLE - ESFIHA E PIZZAS LTDA","escori @ uol.com.br","BELA NAPOLE - ESFIHA E PIZZAS LTDA","Restaurante","ME/MEI"
"HANNA CAFE LTDA","cafebistrocida@gmail.com","HANNA CAFE LTDA","Restaurante","ME/MEI"
"BAR E LANCHES ZE RIBBA LTDA","elosp@terra.com.br","BAR E LANCHES ZE RIBBA LTDA","Restaurante","ME/MEI"
"KADILSU'S LANCHONETE LTDA","lanchonetekadilsus@gmail.com","KADILSU'S LANCHONETE LTDA","Restaurante","ME/MEI"
"CLICIA APARECIDA RODRIGUES TROVELLO","clicia.trovello@gmail.com","CLICIA APARECIDA RODRIGUES TROVELLO","Restaurante","ME/MEI"
"KLABIN RESTAURANTE E LANCHONETE LTDA","cont@terra.com.br","KLABIN RESTAURANTE E LANCHONETE LTDA","Restaurante","ME/MEI"
"ENDOLOGICA - SERVICOS MEDICOS E DIAGNOSTICOS LTDA","dcont@dcont.com.br","ENDOLOGICA - SERVICOS MEDICOS E DIAGNOSTICOS LTDA","Clinica","ME/MEI"
"BECAFE CLINICA MEDICA LTDA","becafe@becafemedicinadotrabalho.com.br","BECAFE CLINICA MEDICA LTDA","Clinica","ME/MEI"
"UROPED SERVICOS MEDICOS E ASSOCIADOS SS","legalizacao@mastercontabilsp.com.br","UROPED SERVICOS MEDICOS E ASSOCIADOS SS","Clinica","EPP"
"CLINICA HATTI DE OFTALMOLOGIA LTDA.","esca@uol.com.br","CLINICA HATTI DE OFTALMOLOGIA LTDA.","Clinica","ME/MEI"
"BAR E LANCHES CHEGA MAIS LTDA","barlancheschegamais07@gmail.com","BAR E LANCHES CHEGA MAIS LTDA","Restaurante","ME/MEI"
"CLIM SERVICOS MEDICOS ESPECIALIZADOS S/S LTDA","climvita@yahoo.com.br","CLIM SERVICOS MEDICOS ESPECIALIZADOS S/S LTDA","Clinica","ME/MEI"
"BAR E LANCHES FLOR DE VIANA LTDA","societaria@decastrocontabil.com.br","BAR E LANCHES FLOR DE VIANA LTDA","Restaurante","ME/MEI"
"PASTEL E ACAI LANCHONETE LTDA","contaro@ig.com.br","PASTEL E ACAI LANCHONETE LTDA","Restaurante","ME/MEI"
"BAR E LANCHONETE MARINITA LTDA","souzadiascontabil@terra.com.br","BAR E LANCHONETE MARINITA LTDA","Restaurante","ME/MEI"
"CLINICA MEDIX SERVICOS MEDICOS S/S","margarete21@yahoo.com","CLINICA MEDIX SERVICOS MEDICOS S/S","Clinica","EPP"
"BAR E LANCHES CENTRAL DA MOOCA LTDA","brilexsacontabilida@terra.com.br","BAR E LANCHES CENTRAL DA MOOCA LTDA","Restaurante","ME/MEI"
"LUIZ RODRIGUES BORGES LANCHONETE","lanchoneteoencontro@outlook.com","LUIZ RODRIGUES BORGES LANCHONETE","Restaurante","ME/MEI"
"ORTOSERV SERVICOS MEDICOS LTDA","luizrusso696@gmail.com","ORTOSERV SERVICOS MEDICOS LTDA","Clinica","EPP"
"PROAZ CLINICA MEDICA LTDA","cidafarias@apj.srv.br","PROAZ CLINICA MEDICA LTDA","Clinica","EPP"
"ORTHOCARE SERVICOS MEDICOS S/S LTDA","walterfascioli@ig.com.br","ORTHOCARE SERVICOS MEDICOS S/S LTDA","Clinica","ME/MEI"